{
    "8585": {
        "charge bcm4b 2u cut": 0.5835044270586107,
        "count_h": 56.0,
        "count_identified_pscorr": 229432.0,
        "count_raw": 896.0,
        "count_raw_pscorr": 3670912.0,
        "count_tracked": 66.0,
        "count_tracked_pscorr": 270402.0,
        "good_time": 4.588532,
        "good_total_charge": 0.5835044270586107,
        "ps_factor": 4097.0,
        "time 1MHz 2u cut": 4.588532
    }
}
