{
    "Kin-1a": {
        "good_run_list": [
            8839,
            8840,
            8907,
            8908,
            8909,
            8910,
            8911,
            8912,
            8914,
            8916,
            8917,
            8918,
            8919,
            8920,
            8921,
            8922,
            8923,
            8924,
            8925,
            8926,
            8927,
            8928,
            8929,
            8930,
            8931,
            8933,
            8935,
            8936,
            8937,
            8938,
            8939,
            8940,
            8942,
            8943,
            8944,
            8945,
            8946,
            8947,
            8948,
            8949,
            8950,
            8951,
            8952,
            8953,
            8954,
            8955,
            8956,
            8957,
            8958,
            8959,
            8960,
            8961,
            8962,
            8963,
            8964,
            8965,
            8966,
            8967,
            8968,
            8969,
            8970,
            8971,
            8972,
            8973,
            8974
        ],
        "hms_angle": 37.33,
        "hms_momentum": 0.893,
        "mc_estimates": {
            "eff_cut1": 0.003489,
            "eff_cut2": 0.010973,
            "vcs_over_pi0": 0.11
        },
        "name": "Kin-Ia",
        "pi0_count": 2778733.412821153,
        "projections": {
            "vcs_count": 305660.67541032674,
            "vcs_count_cut1": 1066.4500965066302,
            "vcs_count_cut2": 3354.0145912775147
        },
        "shms_angle": 7.69,
        "shms_momentum": -4.034,
        "target": "LH2",
        "total_charge": 1539.6361281316078
    },
    "Kin-1a-dummy": {
        "good_run_list": [],
        "hms_angle": 37.33,
        "hms_momentum": 0.893,
        "name": "Kin-Ia",
        "pi0_count": 0,
        "projections": {
            "vcs_count": 0,
            "vcs_count_cut1": 0,
            "vcs_count_cut2": 0
        },
        "shms_angle": 7.69,
        "shms_momentum": -4.034,
        "target": "DUMMY",
        "total_charge": 0.0
    },
    "Kin-1b": {
        "good_run_list": [
            8829,
            8830,
            8831,
            8832,
            8833,
            8834,
            8835,
            8836,
            8837,
            8838
        ],
        "hms_angle": 51.4,
        "hms_momentum": 0.893,
        "mc_estimates": {
            "eff_cut1": 0.027478,
            "eff_cut2": 0.096851,
            "vcs_over_pi0": 0.02
        },
        "name": "Kin-Ib",
        "pi0_count": 342674.513760735,
        "projections": {
            "vcs_count": 6853.4902752147,
            "vcs_count_cut1": 188.3202057823495,
            "vcs_count_cut2": 663.767386644819
        },
        "shms_angle": 7.69,
        "shms_momentum": -4.034,
        "target": "LH2",
        "total_charge": 148.76572034471536
    },
    "Kin-1b-dummy": {
        "good_run_list": [],
        "hms_angle": 51.4,
        "hms_momentum": 0.893,
        "name": "Kin-Ib",
        "pi0_count": 0,
        "projections": {
            "vcs_count": 0,
            "vcs_count_cut1": 0,
            "vcs_count_cut2": 0
        },
        "shms_angle": 7.69,
        "shms_momentum": -4.034,
        "target": "DUMMY",
        "total_charge": 0.0
    },
    "Kin-2a": {
        "good_run_list": [],
        "hms_angle": 33.21,
        "hms_momentum": 0.86,
        "mc_estimates": {
            "eff_cut1": 0.002947,
            "eff_cut2": 0.00907,
            "vcs_over_pi0": 0.34
        },
        "name": "Kin-IIa",
        "pi0_count": 0,
        "projections": {
            "vcs_count": 0,
            "vcs_count_cut1": 0,
            "vcs_count_cut2": 0
        },
        "shms_angle": 7.69,
        "shms_momentum": -4.034,
        "target": "LH2",
        "total_charge": 0.0
    },
    "Kin-2a-dummy": {
        "good_run_list": [],
        "hms_angle": 33.21,
        "hms_momentum": 0.86,
        "name": "Kin-IIa",
        "pi0_count": 0,
        "projections": {
            "vcs_count": 0,
            "vcs_count_cut1": 0,
            "vcs_count_cut2": 0
        },
        "shms_angle": 7.69,
        "shms_momentum": -4.034,
        "target": "DUMMY",
        "total_charge": 0.0
    },
    "Kin-2ap": {
        "good_run_list": [
            8842,
            8843,
            8844,
            8845,
            8846,
            8848,
            8849,
            8851,
            8852,
            8853,
            8854,
            8855,
            8856,
            8857,
            8858,
            8859,
            8860,
            8861,
            8863,
            8864
        ],
        "hms_angle": 33.51,
        "hms_momentum": 0.863,
        "mc_estimates": {
            "eff_cut1": 0.002947,
            "eff_cut2": 0.00907,
            "info": "Numbers from IIa",
            "vcs_over_pi0": 0.34
        },
        "name": "Kin-IIa'",
        "pi0_count": 249493.87202683615,
        "projections": {
            "vcs_count": 84827.9164891243,
            "vcs_count_cut1": 249.98786989344924,
            "vcs_count_cut2": 769.3892025563574
        },
        "shms_angle": 7.69,
        "shms_momentum": -4.034,
        "target": "LH2",
        "total_charge": 354.9381076411703
    },
    "Kin-2ap-dummy": {
        "good_run_list": [],
        "hms_angle": 33.51,
        "hms_momentum": 0.863,
        "name": "Kin-IIa'",
        "pi0_count": 0,
        "projections": {
            "vcs_count": 0,
            "vcs_count_cut1": 0,
            "vcs_count_cut2": 0
        },
        "shms_angle": 7.69,
        "shms_momentum": -4.034,
        "target": "DUMMY",
        "total_charge": 0.0
    },
    "Kin-2b": {
        "good_run_list": [
            8865,
            8867,
            8868,
            8869,
            8870,
            8871,
            8872,
            8873,
            8874,
            8875,
            8876,
            8877,
            8878,
            8879
        ],
        "hms_angle": 55.52,
        "hms_momentum": 0.86,
        "mc_estimates": {
            "eff_cut1": 0.031065,
            "eff_cut2": 0.112843,
            "vcs_over_pi0": 0.025
        },
        "name": "Kin-IIb",
        "pi0_count": 811531.124339384,
        "projections": {
            "vcs_count": 20288.278108484603,
            "vcs_count_cut1": 630.2553594400741,
            "vcs_count_cut2": 2289.3901665957283
        },
        "shms_angle": 7.69,
        "shms_momentum": -4.034,
        "target": "LH2",
        "total_charge": 491.1941315098545
    },
    "Kin-2b-dummy": {
        "good_run_list": [],
        "hms_angle": 55.52,
        "hms_momentum": 0.86,
        "name": "Kin-IIb",
        "pi0_count": 0,
        "projections": {
            "vcs_count": 0,
            "vcs_count_cut1": 0,
            "vcs_count_cut2": 0
        },
        "shms_angle": 7.69,
        "shms_momentum": -4.034,
        "target": "DUMMY",
        "total_charge": 0.0
    },
    "Kin-2bp": {
        "good_run_list": [
            8880,
            8881,
            8882,
            8883,
            8884,
            8885,
            8886,
            8887,
            8888,
            8889,
            8890,
            8891,
            8892,
            8893,
            8894,
            8897,
            8898
        ],
        "hms_angle": 55.22,
        "hms_momentum": 0.863,
        "mc_estimates": {
            "eff_cut1": 0.031065,
            "eff_cut2": 0.112843,
            "info": "Numbers from IIb",
            "vcs_over_pi0": 0.025
        },
        "name": "Kin-IIb'",
        "pi0_count": 827989.4584880155,
        "projections": {
            "vcs_count": 20699.736462200388,
            "vcs_count_cut1": 643.037313198255,
            "vcs_count_cut2": 2335.8203616040782
        },
        "shms_angle": 7.69,