{
    "Kin-1a": {
        "good_run_list": [
            8839,
            8840,
            8907,
            8908,
            8909,
            8910,
            8911,
            8912,
            8914,
            8916,
            8917,
            8918,
            8919,
            8920,
            8921,
            8922,
            8923,
            8924,
            8925,
            8926,
            8927,
            8928,
            8929,
            8930,
            8931,
            8933,
            8934,
            8935,
            8936,
            8937,
            8938,
            8939,
            8940,
            8941,
            8942,
            8943,
            8944,
            8945,
            8946,
            8947,
            8948,
            8949,
            8950,
            8951,
            8952,
            8953,
            8954,
            8955,
            8956,
            8957,
            8958,
            8959,
            8960,
            8961,
            8962,
            8963,
            8964,
            8965,
            8966,
            8967,
            8968,
            8969,
            8970,
            8971,
            8972,
            8973,
            8974,
            8975,
            8976,
            8977,
            8979,
            8980,
            8981,
            8982,
            8983,
            8984,
            8985,
            8986
        ],
        "hms_angle": 37.33,
        "hms_momentum": 0.893,
        "mc_estimates": {
            "eff_cut1": 0.001086,
            "eff_cut2": 0.00422371,
            "eff_cut3": 0.00628868,
            "vcs_over_pi0": 0.11
        },
        "name": "Kin-Ia",
        "pi0_count": 3821662.9083296834,
        "projections": {
            "vcs_count": 420382.9199162652,
            "vcs_count_cut1": 456.53585102906385,
            "vcs_count_cut2": 1775.5755426795288,
            "vcs_count_cut3": 2643.653660819018
        },
        "shms_angle": 7.69,
        "shms_momentum": -4.034,
        "target": "LH2",
        "total_charge": 1874.3262514098944
    },
    "Kin-1a-dummy": {
        "good_run_list": [],
        "hms_angle": 37.33,
        "hms_momentum": 0.893,
        "name": "Kin-Ia",
        "pi0_count": 0,
        "projections": {
            "vcs_count": 0,
            "vcs_count_cut1": 0,
            "vcs_count_cut2": 0,
            "vcs_count_cut3": 0
        },
        "shms_angle": 7.69,
        "shms_momentum": -4.034,
        "target": "DUMMY",
        "total_charge": 0.0
    },
    "Kin-1b": {
        "good_run_list": [
            8829,
            8830,
            8831,
            8832,
            8833,
            8834,
            8835,
            8836,
            8837,
            8838
        ],
        "hms_angle": 51.4,
        "hms_momentum": 0.893,
        "mc_estimates": {
            "eff_cut1": 0.0045544,
            "eff_cut2": 0.0018258,
            "eff_cut3": 0.0910939,
            "vcs_over_pi0": 0.02
        },
        "name": "Kin-Ib",
        "pi0_count": 342674.513760735,
        "projections": {
            "vcs_count": 6853.4902752147,
            "vcs_count_cut1": 31.21353610943783,
            "vcs_count_cut2": 12.513102544486998,
            "vcs_count_cut3": 624.3111577813805
        },
        "shms_angle": 7.69,
        "shms_momentum": -4.034,
        "target": "LH2",
        "total_charge": 148.76572034471536
    },
    "Kin-1b-dummy": {
        "good_run_list": [],
        "hms_angle": 51.4,
        "hms_momentum": 0.893,
        "name": "Kin-Ib",
        "pi0_count": 0,
        "projections": {
            "vcs_count": 0,
            "vcs_count_cut1": 0,
            "vcs_count_cut2": 0,
            "vcs_count_cut3": 0
        },
        "shms_angle": 7.69,
        "shms_momentum": -4.034,
        "target": "DUMMY",
        "total_charge": 0.0
    },
    "Kin-2a": {
        "good_run_list": [],
        "hms_angle": 33.21,
        "hms_momentum": 0.86,
        "mc_estimates": {
            "eff_cut1": 0.000694714,
            "eff_cut2": 0.00280376,
            "eff_cut3": 0.0298932,
            "vcs_over_pi0": 0.34
        },
        "name": "Kin-IIa",
        "pi0_count": 0,
        "projections": {
            "vcs_count": 0,
            "vcs_count_cut1": 0,
            "vcs_count_cut2": 0,
            "vcs_count_cut3": 0
        },
        "shms_angle": 7.69,
        "shms_momentum": -4.034,
        "target": "LH2",
        "total_charge": 0.0
    },
    "Kin-2a-dummy": {
        "good_run_list": [],
        "hms_angle": 33.21,
        "hms_momentum": 0.86,
        "name": "Kin-IIa",
        "pi0_count": 0,
        "projections": {
            "vcs_count": 0,
            "vcs_count_cut1": 0,
            "vcs_count_cut2": 0,
            "vcs_count_cut3": 0
        },
        "shms_angle": 7.69,
        "shms_momentum": -4.034,
        "target": "DUMMY",
        "total_charge": 0.0
    },
    "Kin-2ap": {
        "good_run_list": [
            8842,
            8843,
            8844,
            8845,
            8846,
            8848,
            8849,
            8851,
            8852,
            8853,
            8854,
            8855,
            8856,
            8857,
            8858,
            8859,
            8860,
            8861,
            8863,
            8864
        ],
        "hms_angle": 33.51,
        "hms_momentum": 0.863,
        "mc_estimates": {
            "eff_cut1": 0.000694714,
            "eff_cut2": 0.00280376,
            "eff_cut3": 0.0298932,
            "info": "Numbers from IIa",
            "vcs_over_pi0": 0.34
        },
        "name": "Kin-IIa'",
        "pi0_count": 283734.309906118,
        "projections": {
            "vcs_count": 96469.66536808014,
            "vcs_count_cut1": 67.01882710652043,
            "vcs_count_cut2": 270.47778897240846,
            "vcs_count_cut3": 2883.787000781094
        },
        "shms_angle": 7.69,
        "shms_momentum": -4.034,
        "target": "LH2",
        "total_charge": 354.9381076411703
    },
    "Kin-2ap-dummy": {
        "good_run_list": [],
        "hms_angle": 33.51,
        "hms_momentum": 0.863,
        "name": "Kin-IIa'",
        "pi0_count": 0,
        "projections": {
            "vcs_count": 0,
            "vcs_count_cut1": 0,
            "vcs_count_cut2": 0,
            "vcs_count_cut3": 0
        },
        "shms_angle": 7.69,
        "shms_momentum": -4.034,
        "target": "DUMMY",
        "total_charge": 0.0
    },
    "Kin-2b": {
        "good_run_list": [
            8865,
            8867,
            8868,
            8869,
            8870,
            8871,
            8872,
            8873,
            8874,
            8875,
            8876,
            8877,
            8878,
            8879
        ],
        "hms_angle": 55.52,
        "hms_momentum": 0.86,
        "mc_estimates": {
            "eff_cut1": 0.00482176,
            "eff_cut2": 0.0206694,
            "eff_cut3": 0.125083,
            "vcs_over_pi0": 0.025
        },
        "name": "Kin-IIb",
        "pi0_count": 1003441.6606229894,
        "projections": {
            "vcs_count": 25086.041515574736,
            "vcs_count_cut1": 120.95887153813763,
            "vcs_count_cut2": 518.5134265020205,
            "vcs_count_cut3": 3137.837330892635
        },
        "shms_angle": 7.69,
        "shms_momentum": -4.034,
        "target": "LH2",
        "total_charge": 491.1941315098545
    },
    "Kin-2b-dummy": {
        "good_run_list": [],
        "hms_angle": 55.52,
        "hms_momentum": 0.86,
        "name": "Kin-IIb",
        "pi0_count": 0,
        "projections": {
            "vcs_count": 0,
            "vcs_count_cut1": 0,
            "vcs_count_cut2": 0,
            "vcs_count_cut3": 0
        },
        "shms_angle": 7.69,
        "shms_momentum": -4.034,
        "target": "DUMMY",
        "total_charge": 0.0
    },