{
    "8570": {
        "luminosity": {
            "HMS": {
                "B2_current_cut": 0.0,
                "active_time": 81.22100067138672,
                "luminosity": 0.0
            },
            "SHMS": {
                "B2_current_cut": 0.0,
                "active_time": 81.11799621582031,
                "luminosity": 0.0
            }
        },
        "missing_mass": {
            "peak1": {
                "integral": 7730.634560475349,
                "mass": 0.009999999776482582,
                "max": 4723.0,
                "sigma": 10825.0,
                "sum_tot": 4754.0
            },
            "peak2": {
                "integral": 2.16294746e-316,
                "mass": -1.0,
                "max": 0.0,
                "sigma": 0.0,
                "sum_tot": 0.0
            },
            "peak3": {
                "integral": 1.2288726410134605,
                "mass": -1.0,
                "max": 0.0,
                "sigma": 2.52517499179e-312,
                "sum_tot": 0.0
            }
        },
        "timing": {
            "peak1": {
                "background_avg": 0.0,
                "background_high": 0.0,
                "background_low": 0.0,
                "delay": -0.6499999761581421,
                "events": 8382.0,
                "max": 1252.0,
                "raw_events": 8382.0
            },
            "peak2": {
                "background_avg": 0.0,
                "background_high": 0.0,
                "background_low": 0.0,
                "delay": 0.0,
                "events": 0.0,
                "max": 0.0,
                "raw_events": 0.0
            },
            "peak3": {
                "background_avg": 0.0,
                "background_high": 0.0,
                "background_low": 0.0,
                "delay": 0.0,
                "events": 0.0,
                "max": 0.0,
                "raw_events": 0.0
            }
        }
    },
    "8583": {
        "luminosity": {
            "HMS": {
                "B2_current_cut": 70.4749984741211,
                "active_time": 23.964000701904297,
                "luminosity": 4511586.5
            },
            "SHMS": {
                "B2_current_cut": 70.46099853515625,
                "active_time": 22.18199920654297,
                "luminosity": 4175268.25
            }
        },
        "missing_mass": {
            "peak1": {
                "integral": 0.0,
                "mass": -1.0,
                "max": 0.0,
                "sum_firstsel": 0.0,
                "sum_withbkg": 6.13e-322
            },
            "peak2": {
                "integral": 2.07156034e-316,
                "mass": -1.0,
                "max": 0.0,
                "sum_firstsel": 0.0,
                "sum_withbkg": 1.11794526e-316
            },
            "peak3": {
                "integral": 0.0,
                "mass": -1.0,
                "max": 0.0,
                "sum_firstsel": 0.0,
                "sum_withbkg": 1.11798083e-316
            }
        },
        "timing": {
            "peak1": {
                "background_avg": 0.0,
                "background_high": 0.0,
                "background_low": 0.0,
                "delay": -1.0,
                "events": 0.0,
                "max": 0.0,
                "raw_events": 0.0
            },
            "peak2": {
                "background_avg": 0.0,
                "background_high": 0.0,
                "background_low": 0.0,
                "delay": 0.0,
                "events": 0.0,
                "max": 0.0,
                "raw_events": 0.0
            },
            "peak3": {
                "background_avg": 0.0,
                "background_high": 0.0,
                "background_low": 0.0,
                "delay": 0.0,
                "events": 0.0,
                "max": 0.0,
                "raw_events": 0.0
            }
        }
    },
    "8585": {
        "luminosity": {
            "HMS": {
                "B2_current_cut": 0.0,
                "active_time": 4.5879998207092285,
                "luminosity": 0.0
            },
            "SHMS": {
                "B2_current_cut": 0.0,
                "active_time": 4.589000225067139,
                "luminosity": 0.0
            }
        },
        "missing_mass": {
            "peak1": {
                "integral": 0.0,
                "mass": -1.0,
                "max": 0.0,
                "sigma": 7.84313818987678,
                "sum_arbcut": 0.0,
                "sum_firstsel": 2.3333332538604736,
                "sum_tot": 5.333333969116211,
                "sum_withbkg": 1.93101617002e-312
            },
            "peak2": {
                "integral": 0.0,
                "mass": -1.0,
                "max": 0.0,
                "sigma": 11.27450992079342,
                "sum_arbcut": 0.0,
                "sum_firstsel": 1.5,
                "sum_tot": 5.333333492279053,
                "sum_withbkg": 6.95268790929123e-310
            },
            "peak3": {
                "integral": 6.9526879092912e-310,
                "mass": -1.0,
                "max": 0.0,
                "sigma": 11.27450992079342,
                "sum_arbcut": 0.0,
                "sum_firstsel": 1.3333332538604736,
                "sum_tot": 3.3333334922790527,
                "sum_withbkg": 0.0
            }
        },
        "timing": {
            "peak1": {
                "N_over_L": null,
                "background_avg": 0.0,
                "background_high": 0.0,
                "background_low": 0.0,
                "delay": -1.0,
                "events": 0.0,
                "max": 0.0,
                "raw_events": 0.0
            },
            "peak2": {
                "N_over_L": null,
                "background_avg": 0.0,
                "background_high": 0.0,
                "background_low": 0.0,
                "delay": 0.0,
                "events": 0.0,
                "max": 0.0,
                "raw_events": 0.0
            },
            "peak3": {
                "N_over_L": null,
                "background_avg": 0.0,
                "background_high": 0.0,
                "background_low": 0.0,
                "delay": 0.0,
                "events": 0.0,
                "max": 0.0,
                "raw_events": 0.0
            }
        }
    },
    "8586": {
        "luminosity": {
            "HMS": {
                "B2_current_cut": 20.21299934387207,
                "active_time": 1748.237060546875,
                "luminosity": 94398696.0
            },
            "SHMS": {
                "B2_current_cut": 20.21299934387207,
                "active_time": 1748.2349853515625,
                "luminosity": 94398584.0
            }
        },
        "missing_mass": {
            "peak1": {
                "integral": 54.99298902898686,
                "mass": 1.0099999904632568,
                "max": 25.665008544921875,
                "sum_firstsel": 51.996337890625,
                "sum_withbkg": 76.46520278033087
            },
            "peak2": {
                "integral": 62.90261073569284,
                "mass": 0.7099999785423279,
                "max": 34.16688537597656,
                "sum_firstsel": 49.83348083496094,
                "sum_withbkg": 99.02016134823069
            },
            "peak3": {
                "integral": 0.025161044294277138,
                "mass": 1.090000033378601,
                "max": 16.6650390625,
                "sum_firstsel": 35.663543701171875,
                "sum_withbkg": 99.02016134823069
            }
        },
        "timing": {
            "peak1": {
                "background_avg": 8815.875,
                "background_high": 8769.0,
                "background_low": 8862.75,
                "delay": 2.450000047683716,
                "events": 28844.125,
                "max": 2929.0,
                "raw_events": 37660.0
            },