{
    "8570": {
        "luminosity": {
            "HMS": {
                "B2_current_cut": 0.0,
                "active_time": 81.22100067138672,
                "luminosity": 0.0
            },
            "SHMS": {
                "B2_current_cut": 0.0,
                "active_time": 81.11799621582031,
                "luminosity": 0.0
            }
        },
        "missing_mass": {
            "peak1": {
                "integral": 7730.634560475349,
                "mass": 0.009999999776482582,
                "max": 4723.0,
                "sigma": 10825.0,
                "sum_tot": 4754.0
            },
            "peak2": {
                "integral": 2.16294746e-316,
                "mass": -1.0,
                "max": 0.0,
                "sigma": 0.0,
                "sum_tot": 0.0
            },
            "peak3": {
                "integral": 1.2288726410134605,
                "mass": -1.0,
                "max": 0.0,
                "sigma": 2.52517499179e-312,
                "sum_tot": 0.0
            }
        },
        "timing": {
            "peak1": {
                "background_avg": 0.0,
                "background_high": 0.0,
                "background_low": 0.0,
                "delay": -0.6499999761581421,
                "events": 8382.0,
                "max": 1252.0,
                "raw_events": 8382.0
            },
            "peak2": {
                "background_avg": 0.0,
                "background_high": 0.0,
                "background_low": 0.0,
                "delay": 0.0,
                "events": 0.0,
                "max": 0.0,
                "raw_events": 0.0
            },
            "peak3": {
                "background_avg": 0.0,
                "background_high": 0.0,
                "background_low": 0.0,
                "delay": 0.0,
                "events": 0.0,
                "max": 0.0,
                "raw_events": 0.0
            }
        }
    },
    "8585": {
        "luminosity": {
            "HMS": {
                "B2_current_cut": 0.0,
                "active_time": 22.652000427246094,
                "luminosity": 0.0
            },
            "SHMS": {
                "B2_current_cut": 4.484155085839415e-44,
                "active_time": 22.652000427246094,
                "luminosity": 2.7134519255431466e-39
            }
        },
        "missing_mass": {
            "peak1": {
                "integral": 5.543253347759099,
                "mass": 1.090000033378601,
                "max": 3.1666669845581055,
                "sigma": 7.84313818987678,
                "sum_tot": 5.333333969116211
            },
            "peak2": {
                "integral": 7.535128612049663,
                "mass": 0.33000001311302185,
                "max": 2.6666667461395264,
                "sigma": 11.27450992079342,
                "sum_tot": 5.333333492279053
            },
            "peak3": {
                "integral": 7.535128612049663,
                "mass": 1.0099999904632568,
                "max": 1.5,
                "sigma": 11.27450992079342,
                "sum_tot": 3.3333334922790527
            }
        },
        "timing": {
            "peak1": {
                "background_avg": 0.5,
                "background_high": 0.0,
                "background_low": 0.5,
                "delay": 22.049999237060547,
                "events": 1.5,
                "max": 1.0,
                "raw_events": 2.0
            },
            "peak2": {
                "background_avg": 0.5,
                "background_high": 0.0,
                "background_low": 0.5,
                "delay": 21.450000762939453,
                "events": 1.5,
                "max": 1.0,
                "raw_events": 2.0
            },
            "peak3": {
                "background_avg": 0.5,
                "background_high": 0.0,
                "background_low": 0.5,
                "delay": -4.150000095367432,
                "events": 0.5,
                "max": 1.0,
                "raw_events": 1.0
            }
        }
    },
    "8587": {
        "luminosity": {
            "HMS": {
                "B2_current_cut": 0.0,
                "active_time": 0.0010000000474974513,
                "luminosity": 0.0
            },
            "SHMS": {
                "B2_current_cut": 0.0,
                "active_time": 0.0010000000474974513,
                "luminosity": 0.0
            }
        },
        "missing_mass": {
            "peak1": {
                "integral": 0.0,
                "mass": -1.0,
                "max": 0.0,
                "sigma": 0.42208770103983073,
                "sum_tot": 0.0
            },
            "peak2": {
                "integral": 0.0,
                "mass": -1.0,
                "max": 0.0,
                "sigma": 0.05050729447205296,
                "sum_tot": 0.0
            },
            "peak3": {
                "integral": 0.0,
                "mass": -1.0,
                "max": 0.0,
                "sigma": 2.293882752909985,
                "sum_tot": 0.0
            }
        },
        "timing": {
            "peak1": {
                "background_avg": 1.5,
                "background_high": 1.5,
                "background_low": 0.0,
                "delay": -24.149999618530273,
                "events": 1.5,
                "max": 1.0,
                "raw_events": 3.0
            },
            "peak2": {
                "background_avg": 1.5,
                "background_high": 1.5,
                "background_low": 0.0,
                "delay": -10.649999618530273,
                "events": 0.5,
                "max": 1.0,
                "raw_events": 2.0
            },
            "peak3": {
                "background_avg": 1.5,
                "background_high": 1.5,
                "background_low": 0.0,
                "delay": -6.150000095367432,
                "events": 0.5,
                "max": 1.0,
                "raw_events": 2.0
            }
        }
    }
}
