{
    "8585": {
        "luminosity": {
            "HMS": {
                "B2_current_cut": 0.0,
                "active_time": 22.652000427246094,
                "luminosity": 0.0
            },
            "SHMS": {
                "B2_current_cut": 0.0,
                "active_time": 22.652000427246094,
                "luminosity": 0.0
            }
        },
        "missing_mass": {
            "peak1": {
                "integral": 0.7762555298596054,
                "mass": 0.5299999713897705,
                "max": 1.8333333730697632,
                "sigma": 2.696078489808475,
                "sum_tot": 1.6666667461395264
            },
            "peak2": {
                "integral": 0.6266569894647206,
                "mass": -0.15000000596046448,
                "max": 1.0,
                "sigma": 1.4705882352941175,
                "sum_tot": 1.0
            },
            "peak3": {
                "integral": 0.6266569894647206,
                "mass": 0.12999999523162842,
                "max": 1.0,
                "sigma": 1.4705882352941175,
                "sum_tot": 0.8333333134651184
            }
        },
        "timing": {
            "peak1": {
                "background_avg": 4.75,
                "background_high": 7.0,
                "background_low": 2.5,
                "delay": -1.25,
                "events": 10.25,
                "max": 2.0,
                "raw_events": 15.0
            },
            "peak2": {
                "background_avg": 4.75,
                "background_high": 7.0,
                "background_low": 2.5,
                "delay": -1.9500000476837158,
                "events": 7.25,
                "max": 1.0,
                "raw_events": 12.0
            },
            "peak3": {
                "background_avg": 4.75,
                "background_high": 7.0,
                "background_low": 2.5,
                "delay": -0.25,
                "events": 6.25,
                "max": 2.0,
                "raw_events": 11.0
            }
        }
    }
}
